Bug ID,Title,Severity,Priority,Steps to Reproduce,Expected Result,Actual Result,,,Screenshot
BUG-001,User can place an order with an empty cart,High,High,Open SauceDemo.,Order should not be placed,Order placed successfully,,,
,,,,Login using standard_user / secret_sauce.,,,,,
,,,,Do not add any product to the cart.,,,,,
,,,,Open the Cart.,,,,,
,,,,Click Checkout.,,,,,
,,,,"Enter valid First Name, Last Name and Postal Code.",,,,,
,,,,Click Continue.,,,,,
,,,,Click Finish.,,,,,
,,,,,,,,,
,,,,,,,,,
,,,,,,,,,
,,,,,,,,,
,,,,,,,,,
,,,,,,,,,
,,,,,,,,,
,,,,,,,,,
,,,,,,,,,
,,,,,,,,,
,,,,,,,,,
,,,,,,,,,
,,,,,,,,,
,,,,,,,,,
,,,,,,,,,
,,,,,,,,,
,,,,,,,,,
,,,,,,,,,
,,,,,,,,,
,,,,,,,,,
,,,,,,,,,
,,,,,,,,,
,,,,,,,,,
,,,,,,,,,
BUG-002,Cart items are shared between different users,High,High,Open SauceDemo.,Cart should be user-specific,Other user's item appears,,,
,,,,"Login as User A, for example standard_user.",,,,,
,,,,Add any product to the cart.,,,,,
,,,,Logout.,,,,,
,,,,"Login as User B, for example problem_user.",,,,,
,,,,Open the Cart.,,,,,
,,,,,,,,,
,,,,,,,,,
,,,,,,,,,
,,,,,,,,,
,,,,,,,,,
,,,,,,,,,
,,,,,,,,,
,,,,,,,,,
,,,,,,,,,
,,,,,,,,,
,,,,,,,,,
,,,,,,,,,
,,,,,,,,,
,,,,,,,,,
,,,,,,,,,
,,,,,,,,,
,,,,,,,,,
,,,,,,,,,
,,,,,,,,,
,,,,,,,,,
,,,,,,,,,
,,,,,,,,,
,,,,,,,,,
,,,,,,,,,
,,,,,,,,,
,,,,,,,,,
,,,,,,,,,
,,,,,,,,,
,,,,,,,,,
,,,,,,,,,
,,,,,,,,,
,,,,,,,,,
,,,,,,,,,
,,,,,,,,,
,,,,,,,,,
,,,,,,,,,
,,,,,,,,,
,,,,,,,,,
,,,,,,,,,
,,,,,,,,,
,,,,,,,,,
,,,,,,,,,
,,,,,,,,,
,,,,,,,,,
,,,,,,,,,
,,,,,,,,,
,,,,,,,,,
,,,,,,,,,
,,,,,,,,,
,,,,,,,,,
,,,,,,,,,
,,,,,,,,,
,,,,,,,,,
,,,,,,,,,
,,,,,,,,,
BUG-003,Product prices are different between Products page and Cart,High,High," Login as visual_user ,Note product price on Products page , Add product to cart , Open Cart  ,Compare prices",Product price should remain the same on Products and Cart pages.,Product price should remain the same on Products and Cart pages.,,,
,,,,,,,,,
,,,,,,,,,
,,,,,,,,,
,,,,,,,,,
,,,,,,,,,
,,,,,,,,,
,,,,,,,,,
,,,,,,,,,
,,,,,,,,,
,,,,,,,,,
,,,,,,,,,
,,,,,,,,,
,,,,,,,,,
,,,,,,,,,
,,,,,,,,,
,,,,,,,,,
,,,,,,,,,
,,,,,,,,,
BUG-004,High,High,"Login as visual_user ?,Products , locate Backpack , open Backpack details ,compare images",Same correct product image should be displayed on both pages,"Products page shows dog image, while details page shows backpack image",,,,
,,,,,,,,,
,,,,,,,,,
,,,,,,,,,
,,,,,,,,,
,,,,,,,,,
,,,,,,,,,
,,,,,,,,,
,,,,,,,,,
,,,,,,,,,
,,,,,,,,,
,,,,,,,,,
,,,,,,,,,
,,,,,,,,,
,,,,,,,,,
,,,,,,,,,
,,,,,,,,,
,,,,,,,,,
,,,,,,,,,
,,,,,,,,,
,,,,,,,,,
,,,,,,,,,
,,,,,,,,,
,,,,,,,,,
,,,,,,,,,
,,,,,,,,,
,,,,,,,,,
BUG-005,Product page UI layout is inconsistent,High,High,Login as visual_user ? Products page ? observe product cards and layout,UI should be consistent and properly aligned,Product page UI has inconsistent/distorted visual layout,,,
,,,,,,,,,
,,,,,,,,,
,,,,,,,,,
,,,,,,,,,
,,,,,,,,,
,,,,,,,,,
,,,,,,,,,
,,,,,,,,,
,,,,,,,,,
,,,,,,,,,
,,,,,,,,,
,,,,,,,,,
,,,,,,,,,
,,,,,,,,,
,,,,,,,,,
,,,,,,,,,
,,,,,,,,,
,,,,,,,,,
,,,,,,,,,
,,,,,,,,,
,,,,,,,,,
BUG-006,Product prices change after re-login,High,High,Login ? note price ? logout ? login again ? compare price ? repeat,Same product should retain the same price,Same product shows different prices after repeated logout/login,,,
